MerchantId,CompanyName
FZXC0wg0LvaJ6atJJx2a9vnfSFj4QhlOgbU,Amazon.com Inc.
Bh5xP338xSBWq4yuiNogvFxyo2xLEwrBJZW,Staples Inc.
0EJdsXh6Oub3P6hy2b3Bzz33fwHrrB8LY1U,Apple Inc.
5pm8nOFEjembfFFu3N3O91zghb62vfiKM7e,Walmart.com
OqiCm0LYSJkLDiRFf05pLl1SSe8mqRvQ3Zc,Dell Inc.
7NphodcNQa3WCHcwtVAxkPW0maDOd2iUlNl,Office Depot Inc.
oIpFLfL64SHPwvRZrhE7yn9tVg0sFsg7rP9,Liberty Interactive Corp.
pLamXIB0fEvcVTLMEvuwenlCcuZvnc4f1Um,Sears Holdings Corp.
Dc4cKayNP7PVybiE39jtrkLxxqBEzL18zGI,Netflix Inc.
PIV1pTD1t2OCKRvhECzW6pmjhV1Vo5hVXdb,CDW Corp.
oW0Ez4buMpDMQ0bwxtKMhG6TDVXp0PaiB9X,Best Buy Co.
fNHcX3sw7kJx62BZUpVjT8CXBR0iFYs5ypf,OfficeMax Inc.
pnrOgxciRy487VIVpgmCMEQny2scRBdlxfj,Newegg Inc.
hwGX34X4bZp97JDruM4AezRv5l2VhZxARR3,Macys Inc.
qYv3Oe5pZcQIsn2XipXSJWpSupLqaRWVGKb,W.W. Grainger Inc.
vCXwvhCK7pwaDfo5KIE6tRu5mpblHXZTXD7,Sony Electronics Inc.
ljh71ujKshzWNfXMdQyN8O7vaNHlmPCCnAx,Costco Wholesale Corp.
8QddToZPSh7qVHiIQToZY3VH4INzL2cMw2M,L.L. Bean Inc.
I41KSIiPAfDoB6b4rGHRab5EdfPqWunT86j,Victorias Secret Direct &
uQZT56OSxn1g3D8SPdKog1bNfMPZJLv5IeR,Bath and Body Works
buYfg3ioSpDQpC91nWMUesErqQafMcXWiOh,J.C. Penney Co. Inc.
12ZkxsWhjac1X0ST6WQklD8YtwXXpZiWh9g,HP Home & Home Office Store
q6gaLFdWT1Wfgqlsc3jEJEB6Yo5qKddVadY,Gap Inc. Direct
eMERbyv1O6ZNUwQF4RniJ26xn4tLTwL5CRZ,Target Corp.
gJJXetUa86T7GBBjeC1mjLPhYGMqVq2pJb7,Williams-Sonoma Inc.
vXgQvCgLMIJwlqC2ccRMuCVoBAN3BGhliwP,Systemax Inc.
javqROvhUICYnHuRdtQoiaiSAQ0mbcaq19Y,HSN Inc.
OlPQrgCu9Uviwv2lya1AGn6NAUaIRv5IOgE,Overstock.com Inc.
ZJ9mc2RutBYkwlnxRb1HxfnhlQS5Frfwask,Kohl's Corp.
lhooyI562R4zX73BbV6D5WQadrN4KOb0wjd,Toys 'R' Us Inc.
IaI1gGhklRnsnGVI8AC9W8gmOAvPriJF4i1,Amway
LawawrMDalyRjC1Lr7nRH3opxGrD5QycfSQ,Nordstrom Inc.
EceNARbgYst6D8MWy1eL1bUjWn0yHmn4JsO,BarnesandNoble.com Inc.
okWS9IQyN9TTmaN5Ze7D7NoUZiUVWUjS9x1,Walgreen Co.
bNN0xeaFRUmrHbw93h2kQ0E2Sv3h4KvJES5,Redcats USA
c5yigiRzOEd47Frkg2YKhDyOqA027pUy6lq,Vistaprint NV
kAceGcrfuBNvz5vGdgLE8t8CT7pfwPdNMmF,Buy.com Inc.
K3KU3gu8eJZoPCvkrWUCx8tGwTRqSKwgWPr,Avon Products Inc.
3RpzONIXHZ61f6rI1nikmHvVSdXOII78fb2,Saks Direct
ZAZINFTiV4kOkHrGb7TCmvC5IdWEOg7J8Xx,PC Connection Inc.
UwBJ0Mdu23mbhnTdcTGhlO1mhxXpfGobh8f,Symantec Corp.
VmVkJpzCClcH8IxaSDnQnTachldfmJR3Lo7,Neiman Marcus Group Inc.
InD9AzMYsuQkwmp4IEqCHlBPnbYRSiPBlnF,The Home Depot
8IfFCvYEaviZr6JbEP2YcnLs5QHZJ7UNJKg,Cabela's Inc.
WHEPSDEPzlNMKkpw1QfcwDvFrlhZfD7R5rs,Musician's Friend Inc.
On7w540jjb1q4Ht81re1Pabgn31jIGiWJXX,Abercrombie & Fitch Co.
me5uJAPHcFyd4I3lx0ngswe4GA5F0Ibm7lg,Fanatics Inc.
RLSUP0GgkFUfDvBHNmBf8USBbFw24dtRBrz,Lowe's Cos. Inc.
FYYQLlKwnmIor4nxrpKu0EnYXFC3aBy8oWl,Urban Outfitters Inc.
nYNGqAz2oNWLc9t1RrTx3oN1O8y94QY6R3I,Gilt Groupe
KSr8iXIoWfQ0UgJZaSgpY81YAoFYh5czjlq,Wayfair LLC
siGMHRcMY9i9TOASTXwAUraG9ZRVCJAKaV6,1-800-Flowers.com Inc.
ptBMMfTS6v7eylL7HGOxmjqgOvZ3zGoSfEI,Peapod LLC
NtwdBllrs88MrWNrMi4jyCUr7KpkaptXjNN,Shutterfly Inc.
fzHKMJpUcWdnQnjp7Ip09Bl5WTqoV6TjkdI,Foot Locker Inc.
B7cE7svbq67S3Upmje1q7zZ2GoGj9mGC5OA,GameStop Corp.
5rtS9yCX8NsEIu9VcW35jiojclTgXeoGZ4u,J. Crew Group Inc.
LlL92P979LGaUfkIzM2gxB0VdPIUNbuCHGh,PC Mall Inc.
sw1lyaYSGiYjBPpSAsn8QcLZZNk4SBiwTAA,Estee Lauder Cos. Inc.
ACgrqvl3hIFgiu7jQGCuUREzmYZnbvmSJz9,Crate and Barrel
I1LAspTImJJfUJ56VKWofvCZEsOAanyeiZW,Ancestry.com Inc.
hSYmGH6QT0oD9xC3ksqX0IMCkOtPxqCHvhG,Weight Watchers International Inc.
TW4ImpH3si1xcd8m5NSvU44REbG2As90oRi,YOOX Group
EHPbz57MxeoDXgBkyVymUm1obweLsHrKzvZ,Scholastic Inc.
IYuqAbAQ07NS3lZO74VGPldfAUAGKwzR2k3,Recreational Equipment Inc.
Odm6IbgTz6fdGVV49FA6TxMe40O2RYrdfFq,American Eagle Outfitters Inc.
pIHUq6XUEE4gzREslpU1XDckyEDWWdtpmfH,Zones
XWIaouIa32Q9E6ejRNsNwl55bbyaULThhsg,Follett Higher Education Group
ClZ6T2yJW3P8YHrgQIGPvSSkBZQBmH4ada5,Deluxe Corp.
91JHL6qMFVcGrFfBpY7hKXBxYBEKgpWMHOf,Ralph Lauren Media LLC
pOz8Ev5bjUMrz8xBQbS1SS4khlgVwrDw7qU,Market America
9cbAoC9iTAGQmdmNFTuIAWwHvVozlprRe4r,Blue Nile Inc.
J4u2V64es8N96e6iK3MSqbzJbvewvVPlksT,Nike Inc.
T0FfBy8t8dFeXlL7Z9fvkWXH9QEXVAj9dqh,Chico's FAS Inc.
qb7DLKImzBNSgrl5y1wMxNCRFXlGa9OaVtt,Microsoft Corp.
UrmHi2Fp3IdtRJRMKJ9Ej2GqhPzFYzCw3Ez,1-800 Contacts Inc.
X0vwzEddWPUjrxlBLx2AtznyhZahhUp8wrC,U.S. Auto Parts Network
GDBWgx4C2huNQUmajyJ637bpW2750rw4gtn,Oriental Trading Co. Inc.
lL77vqWBLa6fHF1CYmRE7XuocmuZCV2lVR9,FTD Group Inc.
tXDSRMSuszCpuT2wdfDIDZhtlPkkBlkD7Sh,Disney Shopping Inc.
ArmWLTZe4JPWv31OdGz0CKyHJ2Ujwpa1dXd,FreshDirect LLC
oQi4zjcAmkoGKHGmNvMrM2hNwqcJTzqRG1N,Build.com Inc.
KW6MS0k9OhaTzuS96bIKzZinoVGnIEihmU9,Bluestem Brands Inc.
Pi43n6LG9D64nLbj8uPFZxmGIkzUhElwo2Q,Green Mountain Coffee Roasters Inc.
JGudv50ThZhzaAz1s2EhbtIg8qHLXlnHfIg,RueLaLa.com
Hrj58wEQ0TVQrBYBVVSAZOlilRla9mRLQaK,Hayneedle Inc.
3CCKK8FE3rP7N5Oe98mKRT2H6J7QKlOInGj,Vitacost.com Inc.
E77AbnHuEDObsU6Ga3umy9cYCP7foNEvKBQ,Net-a-Porter LLC
Mpc6ZXJBAqw7fOMSSj8Fnlyexx6wsDY7A4E,CVS Caremark Corp.
M8jl6fRuck2h0jHSBQgCwhcj7sMtvaNx04F,Northern Tool + Equipment Co.
O5XUL2xivTzSGfUlKlTk6SM9sMjQG2qCBBn,Shoebuy.com Inc.
kqZpQTVdMsJepPMkUyqJDF7ljSpG9yNjGjZ,ShopNBC.com
aPMakDENFzGcZx5GErhe6R6Uz8UyjDp5B9h,Ann Inc.
22UxXy2CCqTQWLJdPhKda2Hx59XX4LfRsgU,Nutrisystem Inc.
nEZbNackgSSIraJ9LJn0oIOgLuzSwnsSGpC,Sierra Trading Post Inc.
nFEVNl0mIlBrvKiT1zat6E9EIxK5F0mTmkJ,Bass Pro Outdoor Online LLC
OFp6pKTMg26n1iiFY00M9uSqh9ZfMxMBRf1,Army & Air Force Exchange Service
F5cFFDa2nr1RlYLwI76dYnucpnt65k1abvT,Edible Arrangements International LLC
PpuUOHSu7tKQxqfyTivpobVED1DxKMloIbQ,Eddie Bauer LLC
9XGDirhiN2UPnJ9w5GqmISM2QXe1Coav3Fq,Orchard Brands Corp.
0ksmzX0Y2JGrPINa3Ua6GEKoKnSoGJteGFd,Hudson's Bay
vyNujT7cdpjNTwY7Gj3Bz8HkUjknLW5eOiq,Dicks Sporting Goods Inc.
hc5IFxIR4Uppqmt4H6YzEIt27FAMJxPdCv6,Express Inc.
0UChuaqf7x6xtZfrq9LedNjC2eGTgscsW6N,eBags Inc.
jyty4OjpWOKg3eraZrTX5uxs6CwHAqIeqTI,Colony Brands Inc.
elzg0I4q4LcpWze5GJJ589VSVUGwILfIkKK,Restoration Hardware Inc.
CsIDk2g1I8Y3tTfUz2UCyrWqTHu3RuUBsun,Safeway Inc.
ql4j4zJ2qDUsMo0P7KFVrVwfx9UIYAM37ak,MLB Advanced Media
3g50xDiCIJ3GDO24SdHIE56NznRFhxAHOr8,Harry and David Holdings Inc.
6XsmftTujy9NIxil72Yb3rtlcx380hJAuuJ,VF Corp.
rv8wv6hvHFQDM0EkYIIdLax0w9tAEpfcusb,Coastal Contacts Inc.
TAeLcXOLKzT9sJUC2oeldolvbTKWVGTE1NT,Children's Place Retail Stores Inc.
HZ6SnKrGscBrHkpafGDTSXpPdyE9u3Kwdfn,CafePress.com
H5l5C2psBF2dln5caBO5sp9rojBGy1hiu0v,Beachbody LLC
Q6rA3azNfx1RrDYtYCCGJNVNQUNmEELAmxZ,Aropostale Inc.
jod1X0CRH8Bkw9GfJz6muWtinxC3IHnCU7J,American Girl LLC
dwmSPfc3rIfyLqLal4OVXCr40oXKeeq3mW0,Tiffany & Co.
iIzlKYSaI2a8XJIcOFu07Sn3Xl1EXJ6xwoZ,Art.com Inc.
VFzdUcqzmCuNPrneml9oiCMds4dLd4EmuPV,Drs. Foster and Smith
tDFfN3Xh4ofEm9Ap40x3xsI6Qnu0dltlI9q,J&R Electronics Inc.
P7fULGZusbzw8y0VqMKtWUnFS53qfetsP4p,PetMed Express Inc.
Iw3GXzvZXLzd56HECNG8IGdvO91AcCvNraQ,AutoZone Inc.
jffUdbCnpUJVMnrCNLRCF1aXvFXin9pKryk,Alibris Inc.
lPEcKtXsq6fAIsJmqL7jM0gN7lw7p8dHBIv,Crutchfield Corp.
Mhm74zgh1op9oRrJUCdDVW38sMdY7fnC71d,OmahaSteaks.com Inc.
aS17B5S22sXdW4r4CpQZlKcE2YUmKVAsi42,National Football League
OXEFWPZ9JkfVYo8TnW72Wv4MxenYSge5PEh,Zazzle Inc.
gWiJmDVd0j2D5ZoFFa68x674CeZq3kUKeyL,Talbots Inc.
AKGjnp1GACJl5tCTwWIfFXUj5Z9jvyF6feS,Charming Shoppes Inc.
8B961yQHrTESkvdKIbBbHnmzOPpVb1IFaXB,Allied Electronics
qhPQQow7Tr3c4HeW27HxbNbskIoNoTjestn,Shoplet
Fk2t2fimnxb3N1BtQOccHoae9skvpCkfn3v,Dillard's Inc.
oekbaVirTXvOPAoRion5kKhEd69Auv8jd3Q,LEGO Brand Retail Inc.
8sa38CdokvrPVc087qYw9uWklWKcirueMQc,Blockbuster LLC
mbE2yU18YkIjPlp0O1jmuG2aFixLhvZ3ygG,Coldwater Creek Inc.
RPj1yKmPRlotxV7vhXfibZzRVYW3UKbQFkC,School Specialty Online
Iv0cL3r1YsMHIZ8nAue7BiAdHS2NQYTNRv1,Sephora USA Inc.
ZJ2z7JUZJSWcg1xFuVLQY24cF7gf4nqPRcI,Big Fish Games Inc.
M1LCZGkrBOT430BR8gfPHuuw0eMGfAN2GIk,Karmaloop.com
iQIiLCJt6cHprFvVXnCiORc6Payj6XRjTSB,ShoeMall.com
rLgVdiYYCCNA42Yo2ncnuPIXDCgwOkXbLVl,FragranceNet.com Inc.
JaGgYFV4S3SGQy8gvwGoJHDK7zKavofi0tN,Potpourri Group Inc.
eXycdXA3gDB9dSWnR66KXdNrSPqex7FLAXo,Boden USA
I0Y32qocAYDNB4au7kM5efcTNti1MMwGfJN,Under Armour Inc.
xaLlpx5dLVVR3D64sjIXkfz7fDkUGzVhxED,Shoes.com Inc.
3M2Z5J0bPs6lPQu4kmPSSbsZ63gH3TzHYLr,Brown Shoe Co.
ZxK78lZKlpZq6ndZZ2ivnzHvfM46i9lB8gr,Luxottica Group S.p.A.
rWpQ2o55JvPh7W2EiDrS72gl1xC2rLyH8Y9,Orvis Co. Inc.
ZiqsvCBqECq9nFBFQqD6KiDzOnIkPfXRxyd,Onlineshoes.com
uLSCaBZiLiTImISgKKcC1PorAmMR6vl5IkI,Abt Electronics Inc.
BtZvOiGvIpAtMY3l7Vd3b10Jvezb7Bo1P55,Shopping Channel
hebIjTyj2FyPGu9oSFuS8oTqrKKI4WfCU5D,Rogers Media
9TL6mInrOfEQ47utQzUEPjnZXQuQ6f4kJXf,GameFly Inc.
IunBgGuEKpcbaBV2zSfV8UTdgLm9LJQGSHA,Finish Line Inc.
AI4kNE9fhpbClPxiNbfzLIPp5gSwU4B8p7W,NBTY Inc.
pFMdIKpCYl7D2jRV2kOINlpWPZKT2ml5FQd,CD Listening Bar Inc.
Nr4l1fioJgIB1WsGDfkTY6iJGaPDj6M6A3c,FansEdge Inc.
VS5u9Wb9YVFWPs9nKGtrOqcSLrPkEDPiEXl,Jones Retail Corp.
QqX56ejt1OF1egUIb4akQziSao5Saasu8Mp,Brooks Brothers
utBuSlf1GdQ1c7ZlmMFVP0VZxGOKVOg7kxJ,AutoAnything
yevrcYkCImPGyDZdHJrz0JZHC9e1D1Lwya6,Coach Inc.
vYtp9dkZ5WquYyqAPQahYz6GtvT0NF92qYz,Gander Direct Marketing Services LLC
MHbGLCPALf0AAFks4QushMWnI3dGU13ik29,Vera Bradley Retail Stores LLC
1Dt1fDksffCnC9SgPTsQICCAcVCsOUOrq1a,Deckers Outdoor Corp.
nak2VS7JWg7NuOAu037rBYM1FoiCIu4a9Lt,LuLuLemon Athletica Inc.
w6iCoDRypzf19ycefVnCvTpnIPw1tUSAmtb,Crucial Technology
0PmYqXKpj49LftLoJ8OqSYQ1hiXrxfsDbxU,LifeWay Christian Resources
dFpOKi9FSeEKa7cEH8fwRvWeXFRCzmuRt5n,B&H Photo-Video-Pro Audio
QT28EelPMQXDK6t3viWphJVLzQmzSTN5zmi,OpticsPlanet Inc.
RdVBlhU7lmmf8HB2B40jA116mqYFaGmeyIE,Jewelry Television
qbaf5xNVTLrlbfxvXQFzdD6oDeeQjQqgrSo,Barneys New York Inc.
cKsafChyj31YazJUayeC8tzrj0x30KbMmFe,Cooking.com Inc.
fNkDMITE4dP3I0SwZDnSGhxIzaGQ3m1bO5B,AJ Madison Inc.
vw7IpvxfHWy4PMvkzS7ZqdSNSYfH83dEEf0,Ascena Retail Group Inc.
Gj8WbJIjhghHSBQDlC3drpfAbKObxZfYXxM,ideeli Inc.
b0u1m3FVibHrdO5P28NNLmXBHyQuTOWy8VT,One Kings Lane
KBZohMZJUqmmuTevic8ozdtfOrNtT9jtBY3,Beyond the Rack
3OHudWIk6talDNRtNnX8T4KUjpoylA6mKn3,ThinkGeek Inc.
p5coYhzZM0BgDEIDfuYeGvf7uNxBPQTHXG0,Benchmark Brands Inc.
GxEnBmBcnYNenZEuVzga7n8TQlpPoM0wWNW,1 Sale A Day LLC
XrPKoKHL9jKa2KfheIGd9yNxRRSLY3MXDh9,Lamps Plus Inc.
6WOYDURNnVDi8X9rWEj2PXq5NvKP9BvqHjn,Bluefly Inc.
zMNG334FTpJGyfCJWINdk3lXSVyUZDL0UAN,Brookstone Inc.
qeDSxulMh82dABJPTchdJqhWLwLfkv8zr1C,Hallmark Cards Inc.
WIrU77YOTiuMZiIo4QVXvv0rIpuVJ79ZU4K,Cymax Stores Inc.
oz7snKcPrrFFOWaU5FSxWCKxBMzfQExgybV,Crocs Inc.
9e11mA9Z8hnNsdd4VgavjjecSbmq0WpRMMc,Ross-Simons Inc.
PcJume03I6XfYypQaWGPt2CPTO4zmkfeNWg,Tempur-Pedic International Inc.
IQ6wCy3k7PnAiRAN71ROxcNBavvVoUcwp7y,Motorcycle Superstore Inc.
7RR52as49isxnLXeLn23DCCoR4Wx6eq72W1,iHerb Inc.
Bx15eiN1pBbX6D9dI9RD5ktILzWtHyGQUpX,Signet Jewelers Ltd.
kpo2UvCwrZWbSXmjn0eBvjDhVxcd6IBD3ed,Bed Bath & Beyond Inc.
eKQoOLYKd1Ab97lG6q9YfiyLG4D7aUvbrEu,Zale Corp.
dKFphxrrGkHlBDf0uO7V5PyspRgVnuPVsV3,Panasonic Corp. of North America
LETW3dU8XZykO0JzYybqho6c2sLSGZseCAG,Indigo Books & Music Inc.
USucN7EcahEhh2OA2G8ZXC6062iFnEZQpr1,eMusic.com Inc.
LR4VfuUlghNFuXqUHUIF9j5cZOG2Rczp4Kh,DrJays.com
72uemMPlh5f9n9nadKUtnp2x0dBt714YxK1,Fossil Inc.
d7HSr8V20Qe3bdoHa7oukIqj1kR438aJJfM,OvernightPrints.com
6qt57idiwjwnBtshnGDzSqCs9wboXyMIxlk,Power Equipment Direct Inc.
gQcC3vWLWza4O59HcDdTyfZIHGVP5wEZCwS,dELiA*s Inc.
HzJSDL9w1UcO7TMxTYsc2HrHjKSI70wR30J,CustomInk
rVcPquDW9HwaQ8cVEJp9MSBR0iA70oJO0g7,DSW Inc.
fElgykst0mmvum77ixAJmsNU7SvPrISRuLb,VitaminShoppe.com
CajTYKXHuhQdMoVur7qUqBkmjXCYvkpLhpv,PersonalizationMall.com
er5d6a0bKwQHOmo1KWdOAGbRCaClzFw1aOV,General Nutrition Centers Inc.
1rAm72BmySmENr47iLJyB8Dmj9IHETRdOT3,Golden Eagle Coins
Tql3tLBjYrT4LxGdvBqge7U5vfyMLH1zrhW,Bidz.com Inc.
gFHa0inJidylkHvsCOYVKFTrrvcj8jh4Uhy,CDWow.com Ltd.
cmphWnPbzeWzCYyBo1SLzVx5tbkTX5PF4j1,JoS. A. Bank Clothiers Inc.
CTXXZixlaqLdufIMVaFqjb0aaGJzhi2D9VY,American Greetings Corp.
1NcYb9QAXBBVnWaAEZ2jiK4KODT9lBHRVrV,Golfsmith International Holdings Inc.
RuucA4vYEWVdopzHnMghpznrwdfbF6kN4s7,Replacements Ltd.
LqkOY9MCwAxPDzjEeTMWCQ024MIgrPY762o,Buckle Inc.
Cob6GkgkoeNE5O9W8K6FDp5MNGYahIa1OEC,adidas America Inc.
8euxysshFVARDEm68S2uqzkb9YbQaukg7y1,Furniture.com Inc.
e8W3ebcsS1kZZpDzZLM2vmQ3CCh0vCWh4rb,SkyMall Inc.
hYcwRzQVvrfRt49LhYh2G1k0HBPCIWMVlqK,LD Products
lKc7Z8yAeOT1pjc7RCKHt8lPOjJPKYJGYAM,Comp-U-Plus
xecV3JeeR8f4rHmi4VSSB8xft1C4fGmsmff,ShoeDazzle.com Inc.
qIeLHBHeLYiw4pznDBWkL3k9sncVaicTKJG,Hot Topic Inc.
kElrLvb3VB4j2hGljbiX5VMM8bTrqeDnP4N,Road Runner Sports Inc.
1CNvFLCPzkd6OeedSUhWiNFXpnJQG55LqpV,Blinds.com
VOwq9il946ywS8inLTzPX4CY0tNr8792jia,Belk Ecommerce LLC
k20yEqDNUpllO3MvpWEU6uflcFC3sD4kTlM,Sweetwater.com
1j1pQOu1Sf0MCxnNeNjrJjX25F8KYAKsdzm,Wolverine World Wide Inc.
LhXrIvnCTZALndlZFmxqZKNzaPukZOhNbav,Monkey Sports Inc.
i2NaqUBru7XaRpZqiasZ0mfN8v4LAfE876Y,Select Comfort Corp.
kNGtc8my8mr1ecoCIjtDeT3lIJqRjACQDZ2,Jomashop.com
jttYdKuUcgA1wvPKIhqap5Sy8hMawsaQcMB,Databazaar.com
DbPHe0hf2Gttv2EUL4doXTZW92LZenc21wW,OneCall.com
LPfYzUu0WugBW8qylx22vt8b9xBGt7ioGaR,AmeriMark Direct LLC
d97mauLKMyiqqxJxmIWtkWltjy4F43OSONV,Sports Authority Inc.
1TmBz5z2gljjwEAwNUwgzuOyw5G4H3g5ump,PETCO Animal Supplies Inc.
DmXW3XYpH8Iq6PqCGadO5pHBNTaU6WKXWg9,Sundance Catalog Co.
ZWuE7I0arej31AWWNL5nV9cBMQpJtwKRVH8,TABcom
jW9TdxxGnLQN2MvR6GZaRxeK0cwrmBII4D4,Casual Male Retail Group Inc.
3f1rHIwpOARsfcwrSl8MuL6hp6h7MSoIwjU,Hickory Farms Inc.
4MpM7pQCCEwptZZmp3WUewtWUD5SwpVmPWM,ZooStores.com
D0qxPxVQ0CV8UL1PDXMLvO95xNjkkUQB5Y2,Performance Inc.
UX9IcsJWMHsclW9H88w1STx7go16mhD9yWe,Hanna Andersson Corp.
hs2TFJbLcOb8LfzagR3LXBglWnuRFHNVXyq,Living Direct Inc.
g6vtmaWp0CdIPEaeWfAeeu576BE7IuDk9H5,Tory Burch LLC
SQbcInnIXZqBsceSa1BaSJxTrAHrUJiP7vA,Cheaper Than Dirt
9uo9Oi5oxhKfgF90y5ssR1QzZoqB2HQXBl2,National Business Furniture
Btsejz5xahSEepjh18A4uPjdyWdffXqswIq,IKEA.com
KgmFQCugYf1ozMaauYODJmvOCNJzEpeJT9l,BJ's Wholesale Club
XPXxTuU6TjwGCid7kxLrKtFV1qd12R8DSgf,Discovery Channel Store Inc.
PuIoZgcep9tR4KY1zCHWFJ6cl2L32j3W1rC,Geeks.com
8mmtdPSeLPXZ0WlzEJp4od8ik7njcLrDBOG,NB Web Express
cNY6gQp5ITiFtIC9Q0alIcLjmIOts591pRx,Wine.com Inc.
oQ3uRgfNfBRK1NQp2kIYHoIqU7bF9e2PVkC,Bare Necessities
00NhpwWZjVsWMrbCqCzUcY5VyB6Hwg9HJp7,Better World Books
wYgPisiEv2hoE14VS7MyBY3QKvgjFJwUQtW,Thompson and Co. of Tampa Inc.
nmA0uxTNuZYOiJE7WPoZzVN3ZuiyAZAz9XH,Zumiez Inc.
EjcOHJyNKpemwTEhWajXGRzuefx2Q8Lv1BT,eCampus.com
Iy5BlDl6objpfMQ2IeRAP8upNFkOlhk2isw,Instawares LLC
p4YSIdr40iKgdzGZn0dkzECrOHAiIaP8nz1,Vermont Teddy Bear Co.
4RAdHuIy7Wl0R1jMMUiGtFAbN9jVbmRmJVn,MovieMars.com
r70SZpwaRWrsDrmKV36jZk4TzwrIVfN5Fcw,Columbia Sportswear Co.
tNyVUtqFP9rgdvhOk1m4EmI1KKnptoRT8lT,TimeLife.com
C9B4QnDcYRDU6ExJS6Iq826PWHD0F20wLqz,Frys.com
6eiIf66bXXzJ92qALDQPL9gc6xkxQANFwwB,Rooms To Go Inc.
dd70RWwbNCrVzpdv9VDslp2AKletBEPfeFR,New York & Co. Inc.
2N40oyrG1qOcXGKdd8F1N7l7hjVImgrHG2l,Team Express
SjUVMSN3osTU0HrorAliLh9KaZN5fKyqACz,CPO Commerce Inc.
N4LLKnIBKzoZypGQDG1YYCHnupcyNHOTPAm,Sam Ash Music Corp.
CnVtQXw9io6rHSQk6AdYEkeFAERy0GHUEqw,Pacific Sunwear of California Inc.
cloCN88pPoRdAKQDnDPGfKHywQKXJfjiyV6,Joann.com
YH8FVY0hxQWuxUWxK2I0tzAhDlxoI3egjcY,SmartPak Equine LLC
q1XoGzk0mzsUD7KfW823fZfGfncxdKnyiE4,Dermstore LLC
BTW5R1m51NUDeS3prWcsjfAC0FwkjFaNz7K,Vann's
EPaxMWXDBc9haugdSbvY2YZOCHq1S75R6QG,Burton
3FEr7ziIWEiREtMguzgWLeXdTuxWjch516S,Ice.com Inc.
d90wezamUcqLVQAbpGJnWVw84VMOs7pbz8f,Miles Kimball Co.
Zwxt7ZeOoY1A2STBihIbcpbDTmx4tEHDtGJ,Softchoice Corp.
Pn3NtnsbKf20yuIcuUDLieNxYcSOnzbHeSw,Godiva Chocolatier Inc.
XrDna9GiVaORoTzsvHeaMostHZoRoYitK02,Chegg Inc.
WSmXt4xy1Cez8TO2zgCkYUHIeyIHIrd5t9K,RadioShack Corp.
RLhM40GC8FZ3js8XaU7H9yT2z5ewuzvHcxH,Moosejaw Mountaineering
hrSqJZdiGO4OEwAcRTC7VfVAqpDSCjHWm7t,LumberLiquidators.com
sYZ9FiygfhIODFqL76NPicIwN99ZDv2GafG,Bose Corp.
rhn5LP76uA9m5GKwFwJEm9fJwGiyuh1lT6j,American Musical Supply Inc.
Po3786DUXehRGCCMOxTHSwb5T4C6rm8L2pR,Guess? Inc.
uUFZGYbRJlpmTuEhQzodKURj3uHoFOZHCiv,PropertyRoom.com Inc.
RNl3pMOBFnbCp1d9Xi7S6XWifC1KjfXk8zm,BikeBandit.com
PzwtymxOqOfy5zMUQk2sIkYM1Ck8PenZkXL,Chelsea & Scott Ltd.
6l4HWEuccBslKMbxzRrFxRBZvfLQsLmHQT0,Boscov's Department Store LLC
VnRO1LC8FmjoPPnBAUXm5Subs4y69ZpeiZX,UnbeatableSale.com Inc.
LE10PXldG9YnBN0a3XWmqjXNIuT3gWPUqjq,Hugo Boss
AxBCBxEWaZ68xEWmH7PjQiYqn1ESCwaHq7d,American Apparel Inc.
ZMUkU234ufY3opYPeov38T4EilNLURIb8ki,Sonic Electronix
nwL1MJKkyOQgOhuGZZ10OLkqv51lH0rPyZQ,Men's Wearhouse Inc.
QdrYJN4bHTPtRdVzGt2QdGIiJQofKh8zTDo,Tractor Supply Co.
c53W70MxuKn3NVfJPTPlebpvrLGeic46OhA,Hammacher Schlemmer & Co. Inc.
9lVSEbwYAyjIXNFKQZypGV0N18PaVfcQ9XW,Turn5 Inc.
VphZDd5uDHO11Q8fR1hdzknOZnd3AvqiJ4e,A/X Armani Exchange
b6PejseW8IsrXvsR1pKmKGAXhKLJaQiwTrS,YesAsia Holdings Ltd.
2g4WD2cf7vOHJJBwayQrqaeIAJYd8apGgvO,Tech for Less LLC
vruVfyxfd1uIFqfFHWA9mE0CIfgRpWUS7N4,Christopher & Banks
BpDkXItOS3Hkn29K53j0qDoFER3ellQJJ2o,BabyAge.com Inc.
2QcAoWiRFFfZY5NPLHuoUnwIXguOcig7jqw,Meijer Inc.
Bqfz9PCMhd2HPvOeeIDkY8ilpBjxrVpPwF2,Container Store Inc.
eoNNqxtIpPsiRr6Pcj9SmEzWpIumpODojdN,J&P Cycles
epfqcndbkPnio2k9etU3qPQCNeBLFvOuW7L,eForCity Corp.
cn3h1rpI1urPUcVx395DX4XlRCPQek1XLRO,Party City Corp.
vnfi02qTC3XfL66ubCMZhdeLH4ttcrpw5U3,Folica Inc.
6DmdliTy4VAHeH6EOW74kP8i8QcrzY1BuO3,Tilly's Inc.
735Ip4woqyuPipb05HBTrqmL3tcM5x6Ilqk,Stroll LLC
xMtLcy45jA1sX8TPkkj4qXdmd3GZD2Umm3o,UniqueSquared.com
jS0lHKiVeXlouB9t4On6LSSJazAWNlLGKUN,Levenger Co.
3tsb9bxvxkKETQi2FUKftyqKzULjcLTAQJP,Sheplers Inc.
o3FMW5yyqKVBtCDc5MjiKvsKhf9vNzV7aOx,Jockey International Inc.
VjKt3OqZ1JVT4b32dIf9G2veB1wNYaUVaXU,Fathead LLC
lSPOuNSIUI2KYu7rFDMYGTRkYz1saDLmotg,CHEFS Catalog
FaweKui33aL1o1883CotlUINGhKI2oPfCpU,Gaiam Inc.
oKT6RwNncyg5aXtbL6d7JMATjSTAzCYKNrk,West Marine Products
k3YmL9Xu7S1mmveDefvzmhtsOFLChkroirD,AMI Clubwear
Kie9ZlPtjuslE5mbkbGtMHX3gTV5HzsmiVq,PetSmart Inc.
FhOOnGPbFMvJbdTtAPsbrYWC9igeyRgc0RW,National Hockey League
aNfY5E9mxKdsEfVs5F7PJH8oEsJj1lqk3SM,AC Lens
246PVuBjZGbKlzmomwiliNpnsIsDOugV49D,Diamond Nexus Labs
z4LrXMvGSM2xmA58rYg0Xy1IKunfn8FVuHd,Softmart
G8xs5VVK4piRWktAm0VnpolDj1VHSZR4CMs,Payless ShoeSource Inc.
zJtm8ZYElYWJgn8Uq5dDWaal1mR78Ox7bYO,Frederick's of Hollywood Inc.
FVsjT0Oud65QAbWUYNg8IGSiEm8CtsjEd7Y,Rock Bottom Golf
VqqF1iOdTiNiJ7jLjViv4lSzzOtylJ1pxvn,Ashford.com
p6zEakyqulesyFWLAaMtYcZfwEDdNbMiKu5,Textbooks.com
RKYXHDV49MrSSh9nEGE4AfpBHJJaDhdNqBE,Gymboree Corp.
4zuV92NBx81aChc0u175P0RcK6ytKsO2zdl,Discount Dance Supply
Cc1Wc53ukXYIvUb4pJgZ7HZXQS9HqojUzde,Dover Saddlery Inc.
T5lQFFNnBXczRnZhNBTGdYhDCl9DdwlBMbm,National Geographic Society
5Ea0EqFH5QXjqSB2P8py2pfOw73XYFncMnz,Callaway Golf Interactive
Jr9EHE8GkcXYTIbTH4sfVHaxhmlbGttlgAA,Destination Maternity Corp.
D2XWbqdfUa7jkTRLikNDF0HiPwY0QugpqwR,Lakeshore Learning Materials
Z6KmW4zz3GkaZXELExPCiPYcmelqCSaLxXM,pcRUSH.com
a8StKgpC5asVQuirUExmfjv5zoD4s9OQes7,InterWorld Highway LLC
AxbIowiUdU2bhyPE1cZMfBKPgvS7QXbQoDi,Timberland LLC
1RevXoq1TDscI6qUIuPkbKwS5JWqzjm5JKL,Bare Escentuals Inc.
C0SCAuvwzFi28jt0KSP4DvhlSrVbEmQgB0B,Things Remembered Inc.
8qJTiCsUZYEOmsaEgnLl4DKyhFbznWcOPpM,ULTA Salon Cosmetics & Fragrance Inc.
YGd6NGg7hsydKN3D1nInSclrQlS1FeszI1i,Bealls Inc.
JSqI2kH1PxvtqnEfX56bySgvmA3y0FJeErr,iStores Inc.
GYwWxcl6ctV3KclH5N8vRCmZ3fXCtXiaxHR,Body Central Corp.
D2HtMQr94A3TH2yMmgVMY4kLF5qDrYAiIqh,Philips Electronics N.V.
f17zMxNHMlTKoy7WXGrX0wioxLTneWmrU7d,Forever 21
yLLUWNMmgv6Rb1AhCInC7QaRysXh5TqATyV,Directron.com
atlbBaYvfw5odUvCRwFMyM8sNF5jqajAIlE,David's Bridal Inc.
ToR4KQIU6YgWSoU2Iz2fhOckccJRSJTAezJ,ShoppersChoice.com LLC
cw2MWGhYWNhavJQ7euA2HHnU04UsFP5Dwer,Yankee Candle Co. Inc.
wgYeM7aOHZq2b7imlQ4cwiMKeECNezYOhMs,Tool King LLC
XIEbaC6AFORaLkJOrlcA6S60QYx90G3Uk3N,SuperBiiz.com
BTcBTDfLAP10ng3JVEIedZENXd56YGLsB0L,DiscountOfficeItems.com
c60aipkqvnxciPxoffhAycHw3fjiCEhkpTh,Bellacor Inc.
jTGB41Xn7HpH1mluKSycM55zGHX8NvBTzi9,ivgStores LLC
xxGtKV9IimhfuF2Od8ntlV7x650omMDdR6P,BuyOnlineNow Inc.
i3W3FHC2dnUNNXl2dSnYuM0gsjprWheFIlQ,Chasing Fireflies
MV15dr1TJff3MRv1D0LoX3Fwt5VMxABf7TZ,1800Mattress.com
hMw8CkGga9narozCwZj27F61TWHVsN3g3OT,Sheet Music Plus LLC
NVNkWdt8xTPzwBT50LxU8HqADUNyBVhx8WS,Threadless.com
f9EzNhn6s0JvJUvFd61rgtnSJYdK1XOyFFY,JJBuckley.com
G0bQMQf0SXXBFEh1RmUs8dfM5aBriXd4TGc,Lakeside Collection
FYo6wN1JpHJFWC3yiwnIQOy1kWBX7cHtnVD,National Trade Supply
zZ8B8TJaP6JpSPiyv9CQsg4ElkxLW2cqIFD,Phat Fashions LLC
g1cRC0Yz7uxnTZvQsLcNC0uqbQyjCfPnCqk,International Software Solutions Systems Inc.
jIZWcqaWpJiGolqdDehYcLbirOHsHhCcRGV,Lifetime Brands
ZRM4cprzJDX3xSJW3zZAbSsvd4G2N4c0qM0,K&L Wine Merchants
s35Uj7CTVORGjLpxqrGN6XQSpyirwLvk7NT,Charlotte Russe Holding Inc.
3ffZ6XcfvFCvVCXvxQtubMQB3GlHqs1QnS6,Levi Strauss & Co.
n7c13sY6rzJkdS59ImcrpR5vCwyCUCuV06D,ModCloth Inc.
9BahNPOYrNHeE4czVxuHAM1ruM5GBupl67w,Parts Express
kglnP1w2hOeLrQdGFEdalVq6GSDgVxy0Gca,SmoothFitness.com
tW4MApHEyn6RhP0jhIG14d9CHylpGgANpjN,Camping World Inc.
EfvrEMf9rW4BFn1w11ITwtPKdETKDvrNca3,47St. Photo
FdxyD90f51hIHZB75jDsrdlPtUXYVTHOreK,bebe stores inc.
HTYJfhhqzzpgtrFJ0BqLlHMV5bPOsy7Wvq0,Nasty Gal Inc.
b8WIpd7c6W4HupK02HCtxGACNxy8W7GBd3B,AED Superstore
HpV5hN1D5adNgMJ4EjMfvcxLUkvBkFoPQfS,Online Stores Inc.
5u8XbeUfjpHajfPfaR3oJevLHevXYvfJK9l,Lafayette 148 New York
BnVN3Hjri6YIa0jT1SKhr7XCPODt6J9nBuT,Wet Seal Inc.
wza1n9LZUSGrLlBBf6FNDDF3Qv381ItBz2q,Paul Fredrick
ZYbLB7SuHxaGhSmyab3kL9XWdNxPi4bcB25,Super Warehouse Business Products Inc.
IaDgslQLZGQZO5UmbjJTVpRQ7e3vOAcEz3Q,Garmin Ltd.
xTToMTuOekaoIcvcpqL4KIo3IiaBx43RQHX,BlissWorld LLC
KRfMTdD4xdc6QUSvlWdAIP2lcsoYnfnRHIc,Stacks and Stacks
FF76Y3Y7n2FDGK0ko5lFYl35wwsCfPWgw2r,Spanx Inc.
gFEShdttxXnY9Q80xODnDcq26hPSFLw9ejX,Mattress USA Inc.
z0XaZuZ9S1zsYvQ0yWjfhy0jkkdLhhrTGIV,AMainHobbies.com
X176t4EJsyp1IvtxmIN4BtPVyosl3z20Y9G,Advance Auto Parts Inc.
AdCsuiOR8sF6i2s0haycYwSsD3FpZYeD7RP,Rugs USA
x8aStFCyOfDpli17k81G4oqcIyU7Xyr0r3Z,Jenson USA
kZexv18WEnFv7yo7TxYhyNWk2JAHLPJW3sA,Burberry Ltd.
AGjgSdJoHwUyPj1oHLgxaL2V2ej5410w0Qd,Franklin Covey Products LLC
JofhxpgLYZKYe9fY7MFHE5POEqW8sYqKlJw,Cost Plus Inc.
SLSttHyJglDFliGjCw99BdG4b49VggWppJs,Hat World Inc.
nRZNcg3XKxEAl1fVYb0maJPi0b69LDKnKQ4,ReStockIt.com LLC
hLPATbimMeIiqJ3Q5EveC5kXn8b41hEx2EG,XO Group
nnsYY1Ed1oPI8GCsZ2pBthpWzgX8Vli09By,Sur La Table Inc.
tkeavVfS1ueOD9bhpgKVPkvohdnBbjFk5ek,Batteries.com Inc.
sLJRKwN4ciXmv9d0ZQmkq29q8826hm3HXQf,LeatherUp.com
9Y8HpHidJkgpjiqg9L8sZWPCWRbyxR2BlGB,Rugs Direct
3RX39r3XMuIJ9VYzMtBLKCpDHmuVMp53gPX,iRobot Corp.
QK79TvoDa4yPQWCx0PPF8WI7Rm3WleWtaCi,Books-A-Million Inc.
knI4bWJglGj9ooUNB2qTLnq4fg6605uLkUC,Jeffers Inc.
2IERndyExv5l7ickE8lfZ6ExNLeAifs04tX,Musicnotes Inc.
PSSlRpFUGirjZe9iV7qMtAzBHjlW0GtkLG3,evo
VNrosZ5WgTaQuWNVPEBhMriEd7CjzVBMlMO,Sally Beauty
c6uYc3DczEu7GP53YFvArlNRVcQBRPGR8R3,CPA2Biz Inc.
VIyOfVahiIW726C6FW6FR8dw5S3nJGTz2fT,Rockler Woodworking and Hardware
J6kdf3N7J9IijhKLdielJNuolEx8diZgcQ7,ALDO Group
H4cXI0u4cR9ydtEXB53zq0ldEB6ym3I9YgZ,Toolfetch.com LLC
2H4qIrj80PG5brYrukjgAJBi9KfV1DGcux9,The Limited
zHbo9Jf8x0J0QR1kL5O7okpgt3WjXyEo5Nw,NBA Media Ventures LLC
RAgi7WWRHp4gBcu8iygQIYpre4sevY9gYby,Mountain Equipment Co-op
iywZtCjlAEUaPX57QDKd0eXGM6Ed13tNyjl,Vintage Tub and Bath
ThuQr7EcLdhtJBMmHYjLs2KODXz8Y6IFqc8,Touch of Class
Z4ni2fi3jcVmVz2iTeGfpCE1ngA7oy5FiJC,Beauty Encounter Inc.
om3kDpw4wwLUmLKkbBPk7IAKlShMrKNCooD,LeapFrog Enterprises Inc.
tpHwc8GBRTM52nuWsfMIX0N7DUitWUuueom,Lancome-USA.com
vHOh9gs0RUdbgZ2mpu4T1rTwSSjdH7OudkS,Carter's Inc.
vUhErTtigeEila2Rc65AatiXcegQmset7DG,BuyAutoParts.com
2iF20GRfJlOIuzwpVqLS1pjgdw3fdhG5wli,Balsam Brands
gAgCif2lorLuaxorgEHoYmUZR892irW0u7U,Tumi Inc.
ikr4LsNtj6JBLz61vaZQjYZH7lO4DphSXLQ,Powell's Books Inc.
70t2AsQ4sW6H96PkusXM4stlUzv1YFVu476,Eileen Fisher Inc.
bJjpQrW2gP2R4I7bYm4rYJjfrweZMdyzSDr,eDiets.com Inc.
RnVxuOSDiP34CioVheIiiFoUE7yGcyE9ZzP,National Builder Supply
GsJVGGTBUPoFrXHOoYkX43F1H61vrEJkFd8,BuildASign.com
fno6VBJx3FLaJsP9EAsOLAGueF8ltSPr1ki,Everything Furniture Inc.
w9cp7jQmudbINIer3sKVjyC6BULhloK7wks,Peruvian Connection Ltd.
zQiefUzQw5GAJQlWZzOH3a3mJLxt0y0XcoL,ID Wholesaler
qlurOSVzD6f3NIEDX5MVgNrnl4zLENi3mj4,Calendars.com LLC
0riqIImdQJwFftOAitwmgwMoD2PvtPsIvFW,Starbucks Corp.
2Qy2pA13zO33EJn7g7BkKJATj9hbkhFshfb,HRM USA Inc.
x97TXKSHIUH7IC6lBXi69uF5nZTP5HqkrmB,PrintingForLess.com Inc.
Rb8ZaXaulmCk1quQRbf8eOAIP9ODTSqj8eq,Biblio Inc.
DXdSFHTL0OkWqpWmShWyMPEJ4PLvXHTKoVw,Net Direct Merchants
6GcJldfJ05jNn88IIBSezsySwbdBOJDe0ZT,Artbeads.com
rIpuVGOEUqNUlu7ToXkiKoAW8yLO8cXpW5S,Discount Ramps.com LLC
1uSympP1I8btHDXxGF8HWvIjldRZE6SPgSi,Nebraska Furniture Mart
iYekzZ6h280MJ5Z5sO2NI98v00J63pbwSlZ,Christian Book Distributors Inc.
ODgFVphsQmISunBKPDKDcaeLkLUhlCrWUib,Altrec.com Inc.
8ktHE3FYS7FMjzJykVzwtAQYuH8OiH6bcP2,Reitmans
EFrI6Z2N7oMU4Ef0N5aBT580Fn1KMG7HVNy,SmartSign.com LLC
zu0zr5Ri1cgNFKkfL60oHXWL4Cq2qdCciEW,Myotcstore.com
vrb8tjeYoRGMBiI8UTfMkj0JJIvWWfW8jC7,Jackthreads.com
DLLIEcrJvPgjmYWNx7j2zKTt0fgZFzIo56d,Skechers USA Inc.
ayzqoeAIWBHZYys8tHIgZ8rqRxXrAtIYerF,hhgregg Appliances Inc.
N9HdcBSo9S5jkqEdZYDfsBAwRz3hlyKQXbi,Action Village Inc.
AbBynOQh16narabm5eDYNHMn1fpe4oYEeaC,Highland Products Group
3B492yHBbKF5PKJbo0Yykk40ON8wKFUrABz,SolidSignal.com
x3IjD2dgjwUvetjCkF8SzOqkgv1Dfl5XwcQ,GiftTree.com
bfB624zng6jNZ6SJLmB6p3m5Bv07VnlS1TN,Alice.com
j9jCw5RSF0cTImRx0vMzDj9bB6RG0rJhI5G,PureFormulas.com
kWit2PeG3I05SIb1hhFO4oueitQN58zryWs,Fab.com
WW6PlXd1dyCejraWrreZnxD3m2XI9SBNS2W,Spreadshirt Inc.
iI02jUAGc1Ri4jwkGer3frLM9lqglRTOZ66,Ozbo.com
9uc98kYFgDzR4gcP5mzmQeyI7qeBv6HXgn0,iNetVideo.com
VwipX0VgWseoJzwxMb0tCpIGaeLSPsfIhKx,Eastern Mountain Sports Inc.
GOCUkfrKnBkK8O1ynTgDauGDroQsA5uOOfX,Fat Brain Toys
wSRjsiXgUz5YpLbJPxNcEM6mSNgQ4bxIonU,DrillSpot.com
oxAREuRdSspktfs6dG7yGEghB2DgjRBeGD6,Limoges Jewelry
mQQDeL64r3sjxiqeFsy9Xzxj5CP0woAnJIl,Kenneth Cole Productions Inc.
FrCVTz43jzoAVS7KDqnkJaWWQUCZXOo0jag,SkinCareRX
evIRIgmsNHGqqMW5byl1g60WfjFaGTDQdMR,TrollandToad.com
nzrdKarjAlT7RsJ2YmKcyBpcPZQhSBQv8Kk,Bon-Ton Stores Inc.
FgDuNnZasvqfZO2WfB9gLqHcbQJt2dr4vA1,Entertainment Earth Inc.
3k5hbRH9R2J0bUI7HSGmgLTzVbTFvK6JKx3,CoffeeForLess.com
cGkqyO6DedjTVmJ3siXJhaPg3f7OmFzwnZG,Toolup.com
cZQWZ7H5XVTngxv2trT2W8q1pSTPuPdYEEA,Calumet Photographic Inc.
gyyk1eTakS0mQU4k08P1KtPpvKI3p4c6mcH,Luggage Online Inc.
5LxJg4mlYhJ5n6Jewxn2C5v72AqOYXbShCH,eHobbies.com
5WqqWxZJK65plRBBGzb9qeQS6DPJnynYx3q,BrickHouseSecurity.com
EBNSb3AmW3VL755GZCUiFwv5UkaqZGVn06Y,King Arthur Flour Co. Inc.
5dZvStGF5ihm25rOjuN4v9Am4tU88egZKog,NASCAR.com Superstore
vCMrCF3A859nsY65D53Nku5Wcta3SuyQ6U1,Shop PBS
ic61aFhkgNF2PL4AOz8DmUmSKMl4fGmioLv,Beau-Coup Favors Inc.
asBzi6WShi88RlA0XVXqeVouBcWUfiHqsHq,3balls.com Inc.
04xRxNpmZL0CkOJEvEx6XaxKh60VSQOQ3CE,CableOrganizer.com Inc.
AlnBOQHuroMyppCbkqW0tKeKr6h36pRmNKm,Danskin.com
SnJ7mddp0S1olpFlKpdmBYeAQfC5p2FzsOp,Envelopes.com
PHBScMUZIqehw5j0iRwAt5U7TRpw27pTu48,Costume Craze LLC
jy96DeN5vBVLVUbof3VTp1zQ9xbSz61ZlGi,Air & Water Inc.
ZDHkH9gs6LcqRU2PVNRb45Vi4rv4s8n8PrI,GlassesUSA.com
SwqyGMuMNyh76dnJaoHzcXqaVfcVXhtHqRt,Original Honey Baked Ham Co. of Georgia Inc.
z4WjM84pkjYYqvUUZ1qqcvq8Y3OhuYP5ovG,Appliance Zone
OM3eqjHMcfFSlwiWJ7ZKNYBina3ZBK8IJWM,Scentiments.com
u1Hc3beZ3rZ75a2MV24GfZXA5P7J9WjuqLR,RoyalDiscount.com
zw0OhF8h9CkInlIQLxwzfmV0VpkkN2GzxWP,BagBorroworSteal.com
WwzTwKpXCnDCbTywn7tCXCC7vHC4rlhJbuc,GourmetGiftBaskets.com
sYsPupqPitfqmd6fHGXp8KYJocr2W8PJh8e,Boot Barn Inc.
hfZitV4UZOeWPPizd9RegZwbjz0I9oboHNu,HamGo Corp.
mfdLctyYcyChH3W2FZohuUayNIVwCOkWebN,AirSplat.com
D6RJPwyuLXoLqQRQcOcouJ26KGxJSf6hgbu,Title 9 Sports Inc.
l6MumhP543xfol5BnFg1IcrzFphP57FIU6S,Roots Canada Ltd.
qBeZDKXaeyaJXVEHuB4RUuULbU5X1SGhNSH,Marc Ecko Enterprises
6kyr1aP2MKBa2jh8KFJaLJShMOkAevax0VA,MyJewelryBox.com
Npkr4nCGut3HH9af2bEnyh6XKoaaBEOL4I0,World Wrestling Entertainment Inc.
9kjIuuqrY3whLt5I8wErmdyoMSkVaauD2LM,AZ3 Inc. dba BCBG Max Azria
qJwr1zk7TpCOUtF1zBlZmUQHHxWduRrczUc,Boston Green Goods Inc.
